url,entropy,pathentropy,hostname_length,path_length,tld_length,count-,count-@,special_chacter,count-http,count-https,count-www,count-digit,count-letter,count_dir,Iframe,SubmittingToEmail,WebTraffic,Redirection,google_index,url_length,DomainRegistrationLength,HavingIp,sfh,short_url_service,favicon
https://whale.naver.com/details/darkmode,4.134183719779189,3.454822399946607,15,17,3,1,1,2,1,1,0,0,33,2,1,1,1,1,-1,1,-1,-1,1,1,-1
https://installer-whale.pstatic.net/downloads/banner/RydDy7/WhaleSetup.exe,4.386347076161591,4.262984193710268,27,39,3,-1,1,3,1,1,0,1,62,4,1,1,1,1,-1,0,-1,-1,1,1,0
https://help.naver.com/support/welcomePage/guide.help,4.206312852410479,4.014860327200948,14,31,3,1,1,3,1,1,0,0,44,3,1,1,1,1,-1,1,-1,-1,0,1,-1
https://jr.naver.com,3.921928094887362,0.0,12,0,3,1,1,2,1,1,0,0,15,0,1,1,1,1,-1,1,-1,-1,1,1,-1
https://happybean.naver.com,3.9582291686698796,0.0,19,0,3,1,1,2,1,1,0,0,22,0,1,1,1,1,-1,1,-1,-1,1,1,-1
https://help.naver.com/support/alias/search/word/word_29.naver,4.260074335553691,4.103701696057348,14,40,3,1,1,3,1,1,0,2,48,5,1,1,1,1,-1,0,-1,-1,0,1,-1
https://help.naver.com/support/service/main.help,4.030725856260162,3.921029621737614,14,26,3,1,1,3,1,1,0,0,39,3,1,1,1,1,-1,1,-1,-1,0,1,-1
https://help.naver.com/support/contents/contents.nhn,3.793184489492367,3.32742132943338,14,30,3,1,1,3,1,1,0,0,43,3,1,1,1,1,-1,1,-1,-1,1,1,-1
https://help.naver.com/support/contents/contents.help,3.834435381758654,3.4901937947335155,14,31,3,1,1,3,1,1,0,0,44,3,1,1,1,1,-1,1,-1,-1,1,1,-1
https://nid.naver.com/nidlogin.login,4.0067499186387785,2.872905595320056,13,15,3,1,1,3,1,1,0,0,29,1,1,1,1,1,-1,1,-1,-1,1,1,0
https://help.naver.com/support/alias/search/word/word_16.naver,4.260074335553691,4.103701696057348,14,40,3,1,1,3,1,1,0,2,48,5,1,1,1,1,-1,0,-1,-1,0,1,-1
https://mail.naver.com,4.004886164091841,0.0,14,0,3,1,1,2,1,1,0,0,17,0,1,1,1,1,-1,1,-1,-1,0,1,0
https://section.cafe.naver.com,3.9395722619867226,0.0,22,0,3,1,1,3,1,1,0,0,24,0,1,1,1,1,-1,1,-1,-1,1,1,0
https://section.blog.naver.com,4.0980685120588385,0.0,22,0,3,1,1,3,1,1,0,0,24,0,1,1,1,1,-1,1,-1,-1,1,1,1
https://kin.naver.com,4.011365041826379,0.0,13,0,3,1,1,2,1,1,0,0,16,0,1,1,1,1,-1,1,-1,-1,0,1,-1
https://shopping.naver.com,3.9790978911348045,0.0,18,0,3,1,1,2,1,1,0,0,21,0,1,1,1,1,-1,1,-1,-1,-1,1,-1
https://order.pay.naver.com/home,3.944548827786958,2.3219280948873626,19,5,3,1,1,3,1,1,0,0,25,1,1,1,1,1,-1,1,-1,-1,0,1,0
https://tv.naver.com,3.7841837197791888,0.0,12,0,3,1,1,2,1,1,0,0,15,0,1,1,1,1,-1,1,-1,-1,1,1,0
https://dict.naver.com,3.970573095811684,0.0,14,0,3,1,1,2,1,1,0,0,17,0,1,1,1,1,-1,1,-1,-1,0,1,-1
https://news.naver.com,3.913977073182751,0.0,14,0,3,1,1,2,1,1,0,0,17,0,1,1,1,1,-1,1,-1,-1,0,1,-1
https://finance.naver.com,3.9736606896881854,0.0,17,0,3,1,1,2,1,1,0,0,20,0,1,1,1,1,-1,1,-1,-1,0,1,1
https://land.naver.com,4.004886164091842,0.0,14,0,3,1,1,2,1,1,0,0,17,0,1,1,1,1,-1,1,-1,-1,1,1,0
https://map.naver.com,3.820888851350188,0.0,13,0,3,1,1,2,1,1,0,0,16,0,1,1,1,1,-1,1,-1,-1,1,1,-1
https://movie.naver.com,3.9148663038831,0.0,15,0,3,1,1,2,1,1,0,0,18,0,1,1,1,1,-1,1,-1,-1,0,1,1
https://vibe.naver.com,4.004886164091842,0.0,14,0,3,1,1,2,1,1,0,0,17,0,1,1,1,1,-1,1,-1,-1,1,1,-1
https://book.naver.com,3.970573095811684,0.0,14,0,3,1,1,2,1,1,0,0,17,0,1,1,1,1,-1,1,-1,-1,0,1,1
https://comic.naver.com,3.8820451081368623,0.0,15,0,3,1,1,2,1,1,0,0,18,0,1,1,1,1,-1,1,-1,-1,0,1,-1
https://weather.naver.com,3.8634651896016465,0.0,17,0,3,1,1,2,1,1,0,0,20,0,1,1,1,1,-1,1,-1,-1,-1,1,-1
https://new-m.pay.naver.com/mycar,4.043801694853792,2.584962500721156,19,6,3,-1,1,3,1,1,0,0,25,1,1,1,1,1,-1,1,-1,-1,0,1,0
https://game.naver.com,3.9139770731827515,0.0,14,0,3,1,1,2,1,1,0,0,17,0,1,1,1,1,-1,1,-1,-1,1,1,-1
https://booking.naver.com/booked/list,4.172574231126239,3.2516291673878226,17,12,3,1,1,2,1,1,0,0,30,2,1,1,1,1,-1,1,-1,-1,1,1,-1
http://plus.naver.com,4.011365041826378,0.0,14,0,3,1,1,2,1,0,0,0,16,0,1,1,1,1,-1,1,-1,-1,1,1,0
https://datalab.naver.com,3.973660689688184,0.0,17,0,3,1,1,2,1,1,0,0,20,0,1,1,1,1,-1,1,-1,-1,1,1,-1
https://memo.naver.com,3.7887549139935026,0.0,14,0,3,1,1,2,1,1,0,0,17,0,1,1,1,1,-1,1,-1,-1,0,1,0
https://band.us,3.506890595608518,0.0,7,0,2,1,1,1,1,1,0,0,11,0,1,1,1,1,-1,1,-1,-1,1,1,-1
https://bookmark.naver.com,3.9790978911348045,0.0,18,0,3,1,1,2,1,1,0,0,21,0,1,1,1,1,-1,1,-1,-1,1,1,0
https://software.naver.com/main.nhn,4.014438730983427,2.6416041678685938,18,9,3,1,1,3,1,1,0,0,28,1,1,1,1,1,-1,1,-1,-1,0,1,-1
https://sports.news.naver.com,3.8404025467025056,0.0,21,0,3,1,1,3,1,1,0,0,23,0,1,1,1,1,-1,1,-1,-1,0,1,1
https://series.naver.com,3.8553885422075345,0.0,16,0,3,1,1,2,1,1,0,0,19,0,1,1,1,1,-1,1,-1,-1,0,1,-1
https://serieson.naver.com,3.8731406795131327,0.0,18,0,3,1,1,2,1,1,0,0,21,0,1,1,1,1,-1,1,-1,-1,0,1,-1
https://audioclip.naver.com,4.1622949095708766,0.0,19,0,3,1,1,2,1,1,0,0,22,0,1,1,1,1,-1,1,-1,-1,1,1,-1
https://office.naver.com,4.001629167387823,0.0,16,0,3,1,1,2,1,1,0,0,19,0,1,1,1,1,-1,1,-1,-1,0,1,0
https://whale.naver.com,4.001822825622231,0.0,15,0,3,1,1,2,1,1,0,0,18,0,1,1,1,1,-1,1,-1,-1,1,1,-1
https://novel.naver.com/webnovel/weekday.nhn,4.109793482608794,3.5944656369614516,15,21,3,1,1,3,1,1,0,0,36,2,1,1,1,1,-1,1,-1,-1,1,1,-1
https://in.naver.com,3.921928094887362,0.0,12,0,3,1,1,2,1,1,0,0,15,0,1,1,1,1,-1,1,-1,-1,1,1,-1
https://auto.naver.com,3.8796640049025934,0.0,14,0,3,1,1,2,1,1,0,0,17,0,1,1,1,1,-1,1,-1,-1,0,1,-1
https://contact.naver.com,3.733660689688185,0.0,17,0,3,1,1,2,1,1,0,0,20,0,1,1,1,1,-1,1,-1,-1,0,1,0
https://terms.naver.com,3.7950885863977315,0.0,15,0,3,1,1,2,1,1,0,0,18,0,1,1,1,1,-1,1,-1,-1,0,1,-1
https://calendar.naver.com,3.9790978911348045,0.0,18,0,3,1,1,2,1,1,0,0,21,0,1,1,1,1,-1,1,-1,-1,1,1,0
https://clovadubbing.naver.com,4.306890595608518,0.0,22,0,3,1,1,2,1,1,0,0,25,0,1,1,1,1,-1,1,-1,-1,1,1,-1
https://papago.naver.com,3.8553885422075345,0.0,16,0,3,1,1,2,1,1,0,0,19,0,1,1,1,1,-1,1,-1,-1,1,1,-1
https://post.naver.com,3.788754913993502,0.0,14,0,3,1,1,2,1,1,0,0,17,0,1,1,1,1,-1,1,-1,-1,1,1,-1
https://academic.naver.com,3.9500637564362093,0.0,18,0,3,1,1,2,1,1,0,0,21,0,1,1,1,1,-1,1,-1,-1,0,1,1
https://store.naver.com/flights,4.0667842134731025,3.0,15,8,3,1,1,2,1,1,0,0,25,1,1,1,1,1,-1,1,-1,-1,1,1,-1
https://store.naver.com/hotels/main,3.9217212310452396,3.418295834054489,15,12,3,1,1,2,1,1,0,0,28,2,1,1,1,1,-1,1,-1,-1,1,1,-1
https://keep.naver.com,3.879664004902593,0.0,14,0,3,1,1,2,1,1,0,0,17,0,1,1,1,1,-1,1,-1,-1,1,1,0
https://www.modoo.at,3.4086949695628412,0.0,12,0,2,1,1,2,1,1,1,0,15,0,1,1,1,1,-1,1,-1,-1,1,1,1
https://cloud.naver.com,4.088779347361362,0.0,15,0,3,1,1,2,1,1,0,0,18,0,1,1,1,1,-1,1,-1,-1,1,1,-1
https://me.naver.com/tab/news.nhn,3.884858891889048,3.180832987205441,12,13,3,1,1,3,1,1,0,0,25,2,1,1,1,1,-1,1,-1,-1,0,1,0
https://entertain.naver.com/home,3.827819531114783,2.3219280948873626,19,5,3,1,1,2,1,1,0,0,26,1,1,1,1,1,-1,1,-1,-1,0,1,-1
https://www.vlive.tv,3.4086949695628412,0.0,12,0,2,1,1,2,1,1,1,0,15,0,1,1,1,1,-1,1,-1,-1,0,1,-1
https://ko.dict.naver.com,4.023465189601646,0.0,17,0,3,1,1,3,1,1,0,0,19,0,1,1,1,1,-1,1,-1,-1,1,1,0
https://endic.naver.com,4.00182282562223,0.0,15,0,3,1,1,2,1,1,0,0,18,0,1,1,1,1,-1,1,-1,-1,-1,1,-1
https://ja.dict.naver.com,4.023465189601646,0.0,17,0,3,1,1,3,1,1,0,0,19,0,1,1,1,1,-1,1,-1,-1,1,1,0
https://zh.dict.naver.com,4.023465189601646,0.0,17,0,3,1,1,3,1,1,0,0,19,0,1,1,1,1,-1,1,-1,-1,1,1,0
https://hanja.dict.naver.com,4.012188403968661,0.0,20,0,3,1,1,3,1,1,0,0,22,0,1,1,1,1,-1,1,-1,-1,1,1,-1
http://news.naver.com/main/list.nhn,3.9544425746945726,3.182005814760214,14,14,3,1,1,3,1,0,0,0,27,2,1,1,1,1,-1,1,-1,-1,0,1,-1
http://news.naver.com,3.916126946588283,0.0,14,0,3,1,1,2,1,0,0,0,16,0,1,1,1,1,-1,1,-1,-1,0,1,-1
http://entertain.naver.com/home,3.7442035683118124,2.3219280948873626,19,5,3,1,1,2,1,0,0,0,25,1,1,1,1,1,-1,1,-1,-1,0,1,-1
http://sports.news.naver.com,3.8693312611115185,0.0,21,0,3,1,1,3,1,0,0,0,22,0,1,1,1,1,-1,1,-1,-1,0,1,1
http://news.naver.com/main/main.nhn,3.8214419452073276,2.6644977792004614,14,14,3,1,1,3,1,0,0,0,27,2,1,1,1,1,-1,1,-1,-1,0,1,-1
http://newsstand.naver.com,3.9500637564362093,0.0,19,0,3,1,1,2,1,0,0,0,21,0,1,1,1,1,-1,1,-1,-1,1,1,-1
http://newsstand.naver.com/config.html,4.208196592277089,3.584962500721156,19,12,3,1,1,3,1,0,0,0,31,1,1,1,1,1,-1,1,-1,-1,1,1,-1
https://happybean.naver.com/donations/H000000175176,4.382730488818217,3.522055208874201,19,24,3,1,1,2,1,1,0,12,32,2,1,1,1,1,-1,1,-1,-1,0,1,-1
https://happybean.naver.com/crowdFunding/Intro/H000000174689,4.698499037874886,4.104407755459851,19,33,3,1,1,2,1,1,0,12,40,3,1,1,1,1,-1,0,-1,-1,0,1,-1
https://booking.naver.com/booking/12/bizes/242052,4.361973558701858,3.66829583405449,17,24,3,1,1,2,1,1,0,8,32,4,1,1,1,1,-1,1,-1,-1,1,1,-1
https://happybean.naver.com/goodAction/1343,4.379298475431077,3.452819531114783,19,16,3,1,1,2,1,1,0,4,32,2,1,1,1,1,-1,1,-1,-1,0,1,-1
https://blog.naver.com/erounnet/222133203262,4.293881334202201,3.2655833228877333,14,22,3,1,1,2,1,1,0,12,25,2,1,1,1,1,-1,1,-1,-1,1,1,-1
https://blog.naver.com/snailoflove/222127717478,4.432144436737989,3.6838561897747244,14,25,3,1,1,2,1,1,0,12,28,2,1,1,1,1,-1,1,-1,-1,1,1,-1
https://blog.naver.com/heartfund/222128111881,4.355866085690482,3.377278130987436,14,23,3,1,1,2,1,1,0,12,26,2,1,1,1,1,-1,1,-1,-1,1,1,-1
https://blog.naver.com/merryyear09/222121969815,4.485127947284226,3.513269689515108,14,25,3,1,1,2,1,1,0,14,26,2,1,1,1,1,-1,1,-1,-1,1,1,-1
https://blog.naver.com/haechiseoul/222120217869,4.53598666059408,3.859470570797251,14,25,3,1,1,2,1,1,0,12,28,2,1,1,1,1,-1,1,-1,-1,1,1,-1
https://blog.naver.com/erounnet/222134947171,4.447401504705915,3.572623663895164,14,22,3,1,1,2,1,1,0,12,25,2,1,1,1,1,-1,1,-1,-1,1,1,-1
https://post.naver.com/viewer/postView.nhn,4.016735577283109,3.6841837197791887,14,20,3,1,1,3,1,1,0,0,34,2,1,1,1,1,-1,1,-1,-1,1,1,-1
https://blog.naver.com/haechiseoul/222135027363,4.554172894046705,3.893660689688185,14,25,3,1,1,2,1,1,0,12,28,2,1,1,1,1,-1,1,-1,-1,1,1,-1
https://blog.naver.com/future4all/222102091530,4.561286684176786,3.7201755214643457,14,24,3,1,1,2,1,1,0,13,26,2,1,1,1,1,-1,1,-1,-1,1,1,-1
https://blog.naver.com/erounnet/222136228472,4.40194695925137,3.481714572986072,14,22,3,1,1,2,1,1,0,12,25,2,1,1,1,1,-1,1,-1,-1,1,1,-1
https://blog.naver.com/donorlove/222115401947,4.489199419023813,3.729446194905257,14,23,3,1,1,2,1,1,0,12,26,2,1,1,1,1,-1,1,-1,-1,1,1,-1
https://blog.naver.com/s_innopark/222089073256,4.664653803789036,4.001629167387823,14,24,3,1,1,2,1,1,0,12,26,2,1,1,1,1,-1,1,-1,-1,1,1,-1
https://blog.naver.com/riblog/222127732938,4.431257232859707,3.4414460711655215,14,20,3,1,1,2,1,1,0,12,23,2,1,1,1,1,-1,1,-1,-1,1,1,-1
https://blog.naver.com/relief_sos/222136271256,4.526294499949898,3.68456081428629,14,24,3,1,1,2,1,1,0,12,26,2,1,1,1,1,-1,1,-1,-1,1,1,-1
https://blog.naver.com/future4all/222134028135,4.577697282049905,3.7516291673878235,14,24,3,1,1,2,1,1,0,13,26,2,1,1,1,1,-1,1,-1,-1,1,1,-1
https://nid.naver.com/user/help.nhn,4.0360069453309535,3.2359263506290334,13,14,3,1,1,3,1,1,0,0,27,2,1,1,1,1,-1,1,-1,-1,1,1,0
https://nid.naver.com/nidreminder.form,3.9708400131019856,3.2195282822995477,13,17,3,1,1,3,1,1,0,0,31,1,1,1,1,1,-1,1,-1,-1,1,1,0
https://nid.naver.com/nidregister.form,4.076103170996723,3.5724694587701364,13,17,3,1,1,3,1,1,0,0,31,1,1,1,1,1,-1,1,-1,-1,0,1,0
https://news.naver.com/main/home.nhn,3.8746697102453487,3.039148671903071,14,14,3,1,1,3,1,1,0,0,28,2,1,1,1,1,-1,1,-1,-1,0,1,-1
https://www.navercorp.com/service/creators,3.9011462208004106,3.1751231351134614,17,17,3,1,1,2,1,1,1,0,35,2,1,1,1,1,-1,1,0,-1,1,1,-1
https://www.navercorp.com/service/business,4.061976875613826,3.1018812234760182,17,17,3,1,1,2,1,1,1,0,35,2,1,1,1,1,-1,1,0,-1,1,1,-1
https://business.naver.com/service.html,4.057855988582063,3.5465935642949384,18,13,3,1,1,3,1,1,0,0,32,1,1,1,1,1,-1,1,-1,-1,1,1,1
https://sell.storefarm.naver.com,3.944548827786958,0.0,24,0,3,1,1,3,1,1,0,0,26,0,1,1,1,1,-1,1,-1,-1,1,1,-1
https://smartplace.naver.com,3.896291529045928,0.0,20,0,3,1,1,2,1,1,0,0,23,0,1,1,1,1,-1,1,-1,-1,1,1,-1
https://developers.naver.com,3.950212064914747,0.0,20,0,3,1,1,2,1,1,0,0,23,0,1,1,1,1,-1,1,-1,-1,1,1,0
https://developers.naver.com/docs/common/openapiguide,4.097663322602671,3.5736606896881855,20,25,3,1,1,2,1,1,0,0,45,3,1,1,1,1,-1,1,-1,-1,1,1,0
https://naver.github.io,3.969001629875993,0.0,15,0,9,1,1,2,1,1,0,0,18,0,1,1,0,1,-1,1,-1,-1,1,1,-1
https://d2.naver.com,4.021928094887362,0.0,12,0,3,1,1,2,1,1,0,1,14,0,1,1,1,1,-1,1,-1,-1,1,1,0
http://d2startup.com,3.721928094887362,0.0,13,0,3,1,1,1,1,0,0,1,15,0,1,1,0,1,-1,1,-1,-1,1,1,0
https://www.naverlabs.com,4.053660689688185,0.0,17,0,3,1,1,2,1,1,1,0,20,0,1,1,0,1,-1,1,0,-1,1,1,-1
http://whale.naver.com,3.913977073182751,0.0,15,0,3,1,1,2,1,0,0,0,17,0,1,1,1,1,-1,1,-1,-1,1,1,-1
https://search.naver.com/search.naver,3.756090189660914,3.238901256602631,16,13,3,1,1,3,1,1,0,0,30,1,1,1,1,1,-1,1,-1,-1,0,1,-1
https://www.navercorp.com,3.893660689688185,0.0,17,0,3,1,1,2,1,1,1,0,20,0,1,1,1,1,-1,1,0,-1,1,1,-1
https://recruit.navercorp.com/naver/recruitMain,3.9393516822969215,3.3502090290998976,21,18,3,1,1,2,1,1,0,0,40,2,1,1,1,1,-1,1,0,-1,1,1,1
https://www.navercorp.com/naver/proposalGuide,4.197082818407666,3.721928094887362,17,20,3,1,1,2,1,1,1,0,38,2,1,1,1,1,-1,1,0,-1,0,1,-1
https://help.naver.com,3.913977073182751,0.0,14,0,3,1,1,2,1,1,0,0,17,0,1,1,1,1,-1,1,-1,-1,0,1,-1
https://nid.naver.com/user2/api/naverProfile.nhn,4.220713678734406,3.90231157591703,13,27,3,1,1,3,1,1,0,1,38,3,1,1,1,1,-1,1,-1,-1,1,1,0
https://nid.naver.com/nidlogin.logout,4.100816878908575,3.202819531114783,13,16,3,1,1,3,1,1,0,0,30,1,1,1,1,1,-1,1,-1,-1,0,1,0
https://nid.naver.com/user2/help/myInfo.nhn,4.275475372019214,3.8453509366224354,13,22,3,1,1,3,1,1,0,1,33,3,1,1,1,1,-1,1,-1,-1,0,1,0
https://nid.naver.com/user2/eSign/v1/home/land,4.2702688157439,3.909275070710712,13,25,3,1,1,2,1,1,0,2,34,5,1,1,1,1,-1,1,-1,-1,1,1,0
https://nid.naver.com/membership/my,4.0791433740260095,3.182005814760214,13,14,3,1,1,2,1,1,0,0,28,2,1,1,1,1,-1,1,-1,-1,0,1,0
https://pay.naver.com,3.916126946588283,0.0,13,0,3,1,1,2,1,1,0,0,16,0,1,1,1,1,-1,1,-1,-1,1,1,-1
https://blog.naver.com/MyBlog.nhn,4.225619876671973,3.277613436819116,14,11,3,1,1,3,1,1,0,0,26,1,1,1,1,1,-1,1,-1,-1,0,1,0
https://noti.naver.com/index.nhn,3.941428031846024,2.8464393446710154,14,10,3,1,1,3,1,1,0,0,25,1,1,1,1,1,-1,1,-1,-1,0,1,0
https://cafe.naver.com,3.913977073182751,0.0,14,0,3,1,1,2,1,1,0,0,17,0,1,1,1,1,-1,1,-1,-1,1,1,0
https://post.naver.com/main.nhn,3.8488846166291197,2.6416041678685938,14,9,3,1,1,3,1,1,0,0,24,1,1,1,1,1,-1,1,-1,-1,1,1,-1
https://n.weather.naver.com,3.8561962982193805,0.0,19,0,3,1,1,3,1,1,0,0,21,0,1,1,1,1,-1,1,-1,-1,-1,1,-1
https://stock.naver.com,3.8820451081368628,0.0,15,0,3,1,1,2,1,1,0,0,18,0,1,1,1,1,-1,1,-1,-1,0,1,1
https://vibe.naver.com/today,4.110577243331642,2.584962500721156,14,6,3,1,1,2,1,1,0,0,22,1,1,1,1,1,-1,1,-1,-1,1,1,-1
https://mybox.naver.com,4.088779347361362,0.0,15,0,3,1,1,2,1,1,0,0,18,0,1,1,1,1,-1,1,-1,-1,1,1,-1
https://campaign.naver.com/npay/rediret/index.nhn,4.086263864736002,3.501397825434103,18,23,3,1,1,3,1,1,0,0,40,3,1,1,1,1,-1,1,-1,-1,0,1,0
https://people.search.naver.com,3.8732358263763285,0.0,23,0,3,1,1,3,1,1,0,0,25,0,1,1,1,1,-1,1,-1,-1,0,1,-1
https://newslibrary.naver.com/search/searchByDate.nhn,4.160116984189598,3.5739348962840563,21,24,3,1,1,3,1,1,0,0,45,2,1,1,1,1,-1,1,-1,-1,0,1,1
https://searchadvisor.naver.com,3.977916874693636,0.0,23,0,3,1,1,2,1,1,0,0,26,0,1,1,1,1,-1,1,-1,-1,1,1,-1
https://sports.news.naver.com/kbaseball/index.nhn,4.212076049151931,3.5841837197791886,21,20,3,1,1,4,1,1,0,0,40,2,1,1,1,1,-1,1,-1,-1,0,1,1
https://newsstand.naver.com,3.930270372293455,0.0,19,0,3,1,1,2,1,1,0,0,22,0,1,1,1,1,-1,1,-1,-1,1,1,-1
https://moneybook.naver.com,4.014146761422729,0.0,19,0,3,1,1,2,1,1,0,0,22,0,1,1,1,1,-1,1,-1,-1,0,1,0
https://terms.naver.com/list.nhn,3.9056390622295662,2.9477027792200903,15,9,3,1,1,3,1,1,0,0,25,1,1,1,1,1,-1,1,-1,-1,1,1,-1
https://comic.naver.com/index.nhn,4.006071013101169,2.8464393446710154,15,10,3,1,1,3,1,1,0,0,26,1,1,1,1,1,-1,1,-1,-1,0,1,-1
https://novel.naver.com,3.9148663038831,0.0,15,0,3,1,1,2,1,1,0,0,18,0,1,1,1,1,-1,1,-1,-1,1,1,-1
https://www.grafolio.com,3.9387218755408675,0.0,16,0,3,1,1,2,1,1,1,0,19,0,1,1,-1,1,-1,1,-1,-1,1,1,1
https://phrase.dict.naver.com,3.978333581185264,0.0,21,0,3,1,1,3,1,1,0,0,23,0,1,1,1,1,-1,1,-1,-1,1,1,-1
https://noti.naver.com,3.879664004902593,0.0,14,0,3,1,1,2,1,1,0,0,17,0,1,1,1,1,-1,1,-1,-1,1,1,0
https://jr.naver.com/song,3.973660689688185,2.3219280948873626,12,5,3,1,1,2,1,1,0,0,19,1,1,1,1,1,-1,1,-1,-1,1,1,-1
https://jr.naver.com/story,3.921029621737614,2.584962500721156,12,6,3,1,1,2,1,1,0,0,20,1,1,1,1,1,-1,1,-1,-1,1,1,-1
https://jr.naver.com/tv,3.8492239123906247,1.584962500721156,12,3,3,1,1,2,1,1,0,0,17,1,1,1,1,1,-1,1,-1,-1,1,1,-1
https://jr.naver.com/playedu,4.208966082694623,3.0,12,8,3,1,1,2,1,1,0,0,22,1,1,1,1,1,-1,1,-1,-1,1,1,-1
https://jr.naver.com/creative,3.926272374139508,2.9477027792200903,12,9,3,1,1,2,1,1,0,0,23,1,1,1,1,1,-1,1,-1,-1,1,1,-1
https://tools.naver.com/service/toolbar,3.955291886017961,3.5,15,16,3,1,1,2,1,1,0,0,32,2,1,1,1,1,-1,1,-1,-1,1,1,-1
https://tools.naver.com/service/vaccine,3.9259265776147134,3.0306390622295662,15,16,3,1,1,2,1,1,0,0,32,2,1,1,1,1,-1,1,-1,-1,1,1,-1
https://hangeul.naver.com/font,4.0980685120588385,2.3219280948873626,17,5,3,1,1,2,1,1,0,0,24,1,1,1,1,1,-1,1,-1,-1,1,1,0
https://qr.naver.com,3.921928094887362,0.0,12,0,3,1,1,2,1,1,0,0,15,0,1,1,1,1,-1,1,-1,-1,1,1,0
https://webmsg.naver.com/v2/message/webmsg_main.php,4.153638834002847,3.828237501842956,16,27,3,1,1,3,1,1,0,1,40,3,1,1,1,1,-1,1,-1,-1,-1,1,-1
https://developers.naver.com/docs/common/apilist,4.038320189106001,3.446439344671015,20,20,3,1,1,2,1,1,0,0,40,3,1,1,1,1,-1,1,-1,-1,1,1,0
https://d2.naver.com/home,3.973660689688185,2.3219280948873626,12,5,3,1,1,2,1,1,0,1,18,1,1,1,1,1,-1,1,-1,-1,1,1,0
https://developers.naver.com/forum/list,4.131054782742918,3.2776134368191165,20,11,3,1,1,2,1,1,0,0,32,2,1,1,1,1,-1,1,-1,-1,1,1,0
https://developers.naver.com/notice,3.990017217489902,2.807354922057604,20,7,3,1,1,2,1,1,0,0,29,1,1,1,1,1,-1,1,-1,-1,1,1,0
https://blog.naver.com/naver_diary,4.314972767530033,3.2516291673878226,14,12,3,1,1,2,1,1,0,0,27,1,1,1,1,1,-1,1,-1,-1,1,1,-1
https://logoproject.naver.com,4.004364184708143,0.0,21,0,3,1,1,2,1,1,0,0,24,0,1,1,1,1,-1,1,-1,-1,1,1,0
https://story.naver.com,3.8820451081368628,0.0,15,0,3,1,1,2,1,1,0,0,18,0,1,1,1,1,-1,1,-1,-1,1,1,-1
https://m.blog.naver.com/officialblog/OfficialBlogList.nhn,4.295854116952955,3.841447312526802,16,34,3,1,1,4,1,1,0,0,49,2,1,1,1,1,-1,0,-1,-1,1,1,1
https://blog.naver.com/naver_search,4.128724445269142,3.238901256602631,14,13,3,1,1,2,1,1,0,0,28,1,1,1,1,1,-1,1,-1,-1,1,1,-1
https://blogpeople.blog.me,3.5843031793467124,0.0,18,0,2,1,1,2,1,1,0,0,21,0,1,1,1,1,-1,1,-1,-1,1,1,-1
https://blog.naver.com/kin_friend,4.392582755590972,3.0957952550009344,14,11,3,1,1,2,1,1,0,0,26,1,1,1,1,1,-1,1,-1,-1,1,1,-1
https://blog.naver.com/dic_master,4.27137063437885,3.459431618637298,14,11,3,1,1,2,1,1,0,0,26,1,1,1,1,1,-1,1,-1,-1,1,1,-1
https://blog.naver.com/naver_map,4.140319531114783,3.121928094887362,14,10,3,1,1,2,1,1,0,0,25,1,1,1,1,1,-1,1,-1,-1,1,1,-1
https://blog.naver.com/naver_shopping,4.208924987016683,3.640223928941852,14,15,3,1,1,2,1,1,0,0,30,1,1,1,1,1,-1,1,-1,-1,1,1,-1
https://blog.naver.com/naver_talk,4.187889194919351,3.2776134368191165,14,11,3,1,1,2,1,1,0,0,26,1,1,1,1,1,-1,1,-1,-1,1,1,-1
https://blog.naver.com/nvr_design,4.27137063437885,3.2776134368191165,14,11,3,1,1,2,1,1,0,0,26,1,1,1,1,1,-1,1,-1,-1,1,1,-1
https://privacy.naver.com,4.003856189774724,0.0,17,0,3,1,1,2,1,1,0,0,20,0,1,1,1,1,-1,1,-1,-1,1,1,-1
https://help.naver.com/support/reportCenter/home.nhn,3.879223864213445,3.5144093452479406,14,30,3,1,1,3,1,1,0,0,43,3,1,1,1,1,-1,1,-1,-1,1,1,-1
https://business.naver.com,4.0081320258334,0.0,18,0,3,1,1,2,1,1,0,0,21,0,1,1,1,1,-1,1,-1,-1,1,1,1
https://saedu.naver.com/adbiz/searchad/intro.nhn,4.116139720220784,3.7532696895151076,15,25,3,1,1,3,1,1,0,0,39,3,1,1,1,1,-1,1,-1,-1,0,1,1
https://join.shopping.naver.com,4.018081793978685,0.0,23,0,3,1,1,3,1,1,0,0,25,0,1,1,1,1,-1,1,-1,-1,1,1,-1
https://crossmedia.modoo.at,3.7360069464476564,0.0,19,0,2,1,1,2,1,1,0,0,22,0,1,1,1,1,-1,1,-1,-1,1,1,1
https://saedu.naver.com/adbiz/displayad/intro.nhn,4.222080640900361,3.7860382754173476,15,26,3,1,1,3,1,1,0,0,40,3,1,1,1,1,-1,1,-1,-1,1,1,1
https://recruit.navercorp.com,3.909368063943885,0.0,21,0,3,1,1,2,1,1,0,0,24,0,1,1,1,1,-1,1,0,-1,1,1,0
https://line.me,3.5068905956085183,0.0,7,0,2,1,1,1,1,1,0,0,11,0,1,1,1,1,-1,1,-1,-1,1,1,0
http://blog.naver.com/naver_diary.do,4.231746181697385,3.5068905956085183,14,15,3,1,1,3,1,0,0,0,28,1,1,1,1,1,-1,1,-1,-1,1,1,-1
http://www.naver.com/more.html,3.8477426785812736,3.121928094887362,13,10,3,1,1,3,1,0,1,0,23,1,1,1,1,1,-1,1,-1,-1,1,1,-1
http://www.navercorp.com,3.8035088547976788,0.0,17,0,3,1,1,2,1,0,1,0,19,0,1,1,1,1,-1,1,0,-1,1,1,-1
http://recruit.navercorp.com,3.824862957617356,0.0,21,0,3,1,1,2,1,0,0,0,23,0,1,1,1,1,-1,1,0,-1,1,1,0
http://www.naver.com/policy/service.html,4.127567157116928,3.821928094887362,13,20,3,1,1,3,1,0,1,0,32,2,1,1,1,1,-1,1,-1,-1,1,1,0
http://www.naver.com/policy/privacy.html,4.0775671571169285,3.721928094887362,13,20,3,1,1,3,1,0,1,0,32,2,1,1,1,1,-1,1,-1,-1,1,1,0
http://www.naver.com/policy/youthpolicy.html,4.0666086069294725,3.4906015629507228,13,24,3,1,1,3,1,0,1,0,36,2,1,1,1,1,-1,1,-1,-1,1,1,0
http://www.naver.com/policy/disclaimer.html,4.1870970217917645,3.849223912390625,13,23,3,1,1,3,1,0,1,0,35,2,1,1,1,1,-1,1,-1,-1,1,1,0
http://www.naver.com/policy/search_policy.html,4.191296466597356,3.8731406795131322,13,26,3,1,1,3,1,0,1,0,37,2,1,1,1,1,-1,1,-1,-1,1,1,0
http://www.naver.com/NOTICE/1100001014/10000000000022007245,3.9540378632743463,2.76801592386929,13,39,3,1,1,2,1,0,1,30,21,3,1,1,1,1,-1,0,-1,-1,1,1,0
http://help.naver.com,3.8208888513501877,0.0,14,0,3,1,1,2,1,0,0,0,16,0,1,1,1,1,-1,1,-1,-1,0,1,-1
http://www.naver.com,3.7841837197791888,0.0,13,0,3,1,1,2,1,0,1,0,15,0,1,1,1,1,-1,1,-1,-1,0,1,-1
https://policy.naver.com/policy/service.html,4.0666086069294725,3.821928094887362,16,20,3,1,1,3,1,1,0,0,36,2,1,1,1,1,-1,1,-1,-1,1,1,0
https://policy.naver.com/policy/privacy.html,4.038310595615006,3.721928094887362,16,20,3,1,1,3,1,1,0,0,36,2,1,1,1,1,-1,1,-1,-1,1,1,0
https://policy.naver.com/policy/youthpolicy.html,4.004247855285173,3.4906015629507228,16,24,3,1,1,3,1,1,0,0,40,2,1,1,1,1,-1,1,-1,-1,1,1,0
https://policy.naver.com/policy/spamcheck.html,4.085758358504457,3.7887549139935026,16,22,3,1,1,3,1,1,0,0,38,2,1,1,1,1,-1,1,-1,-1,1,1,0
https://policy.naver.com/policy/disclaimer.html,4.112579542936842,3.849223912390625,16,23,3,1,1,3,1,1,0,0,39,2,1,1,1,1,-1,1,-1,-1,1,1,0
https://policy.naver.com/policy/search_policy.html,4.09617463006964,3.8731406795131322,16,26,3,1,1,3,1,1,0,0,41,2,1,1,1,1,-1,1,-1,-1,1,1,0
https://policy.naver.com/policy/iso27001.html,4.280090318263435,3.916126946588283,16,21,3,1,1,3,1,1,0,5,32,2,1,1,1,1,-1,1,-1,-1,1,1,0
https://policy.naver.com/policy/soc.html,3.9964393446710145,3.5,16,16,3,1,1,3,1,1,0,0,32,2,1,1,1,1,-1,1,-1,-1,1,1,0
https://policy.naver.com/policy/service_paid.html,4.190741731649547,4.053660689688185,16,25,3,1,1,3,1,1,0,0,40,2,1,1,1,1,-1,1,-1,-1,1,1,0
https://policy.naver.com/policy/service_location.html,4.115015861065765,3.9952378913808873,16,29,3,1,1,3,1,1,0,0,44,2,1,1,1,1,-1,1,-1,-1,1,1,0
https://policy.naver.com/policy/service_group.html,4.233269689515108,4.085055102756477,16,26,3,1,1,3,1,1,0,0,41,2,1,1,1,1,-1,1,-1,-1,1,1,0
https://policy.naver.com/rules/service_pre_20180430.html,4.505678975815086,4.202819531114783,16,32,3,1,1,3,1,1,0,8,38,2,1,1,1,1,-1,0,-1,-1,1,1,0
https://policy.naver.com/policy/service_group2.html,4.289497400540501,4.162294909570877,16,27,3,1,1,3,1,1,0,1,41,2,1,1,1,1,-1,1,-1,-1,1,1,0
https://inoti.naver.com/inoti/main.nhn,3.7050540796780416,2.9232314287976204,15,15,3,1,1,3,1,1,0,0,30,2,1,1,1,1,-1,1,-1,-1,1,1,-1
https://www.navercorp.com/nhn/company/proposalGuide.nhn,4.201941141877056,3.9110804962442782,17,30,3,1,1,3,1,1,1,0,46,3,1,1,1,1,-1,0,0,-1,0,1,-1
https://policy.naver.com/policy/emreject.html,4.074643373867067,3.689703732199547,16,21,3,1,1,3,1,1,0,0,37,2,1,1,1,1,-1,1,-1,-1,1,1,0
https://policy.naver.com/rules/privacy_v10_6.html,4.404827956051038,4.243856189774723,16,25,3,1,1,3,1,1,0,3,36,2,1,1,1,1,-1,1,-1,-1,1,1,0
https://privacy.naver.com/policy_and_law/easy_version,4.2578562470493315,3.8962915290459286,17,28,3,1,1,2,1,1,0,0,43,2,1,1,1,1,-1,1,-1,-1,1,1,-1
https://privacy.naver.com/policy_and_law/infographic,4.318241583892492,3.884155094595805,17,27,3,1,1,2,1,1,0,0,43,2,1,1,1,1,-1,1,-1,-1,1,1,-1
https://www.law.go.kr/LSW/lsInfoP.do,4.204511459715548,3.640223928941852,13,15,5,1,1,4,1,1,1,0,27,2,1,1,1,1,-1,1,-1,-1,1,1,-1
http://www.oecd.org/sti/ieconomy/oecdguidelinesontheprotectionofprivacyandtransborderflowsofpersonaldata.htm,4.284099245538031,4.182195535636904,12,89,3,1,1,3,1,0,1,0,99,3,1,1,1,1,-1,-1,0,-1,0,1,1
http://centerforplainlanguage.org/5-steps-to-plain-language,4.082422720403119,3.671405583442497,26,26,3,-1,1,1,1,0,0,1,49,1,1,1,0,1,-1,0,0,-1,0,1,-1
https://policy.naver.com/policy/popup/privacy_agreement.html,4.197801638208779,4.083274571476652,16,36,3,1,1,3,1,1,0,0,50,3,1,1,1,1,-1,0,-1,-1,1,1,0
https://nid.naver.com/user2/help/privacyInfo.nhn,4.314260032810929,4.106377316818028,13,27,3,1,1,3,1,1,0,1,38,3,1,1,1,1,-1,1,-1,-1,0,1,0
https://privacy.naver.com/knowledge/cookie,4.279105815584392,3.292770193936991,17,17,3,1,1,2,1,1,0,0,35,2,1,1,1,1,-1,1,-1,-1,1,1,-1
https://policy.naver.com/policy/popup/agreement_service.html,4.200163462376718,4.104243668758971,16,36,3,1,1,3,1,1,0,0,50,3,1,1,1,1,-1,0,-1,-1,1,1,0
https://privacy.naver.com/transparency/related_act,4.039079570624174,3.513269689515108,17,25,3,1,1,2,1,1,0,0,42,2,1,1,1,1,-1,1,-1,-1,1,1,-1
https://policy.naver.com/policy/popup/agreement_delevery.html,4.216879346677896,4.046762824854522,16,37,3,1,1,3,1,1,0,0,51,3,1,1,1,1,-1,0,-1,-1,1,1,0
https://nid.naver.com/user2/help/changeUserInfo.nhn,4.280391646683439,3.9232314287976213,13,30,3,1,1,3,1,1,0,1,41,3,1,1,1,1,-1,1,-1,-1,0,1,0
https://nid.naver.com/user2/help/leaveId.nhn,4.170134892428194,3.708132064658602,13,23,3,1,1,3,1,1,0,1,34,3,1,1,1,1,-1,1,-1,-1,0,1,0
https://privacy.naver.com/protection_activity/naver_personal_information_protection,4.039828891541769,3.798637298640951,17,58,3,1,1,2,1,1,0,0,72,2,1,1,1,1,-1,-1,-1,-1,1,1,-1
http://privacyblog.naver.com,4.164497779200461,0.0,21,0,3,1,1,2,1,0,0,0,23,0,1,1,1,1,-1,1,-1,-1,1,1,-1
https://privacy.kisa.or.kr/main.do,3.998652546878167,3.0,18,8,5,1,1,4,1,1,0,0,26,1,1,1,1,1,-1,1,0,-1,1,1,-1
http://www.spo.go.kr,3.4464393446710155,0.0,13,0,5,1,1,3,1,0,1,0,14,0,1,1,0,1,-1,1,0,-1,1,1,-1
http://www.police.go.kr/www/security/cyber.jsp,4.069347760631337,3.675310868912364,16,23,5,1,1,4,1,0,2,0,36,3,1,1,0,1,-1,1,0,-1,1,1,0
https://www.kisarbl.or.kr,3.7532696895151076,0.0,17,0,5,1,1,3,1,1,1,0,19,0,1,1,-1,1,-1,1,0,-1,0,1,0
https://www.navercorp.com/ko/company/proposalRegister.nhn,4.218622146299042,4.054229296672174,17,32,3,1,1,3,1,1,1,0,48,3,1,1,1,1,-1,0,0,-1,0,1,-1
https://policy.naver.com/policy/popup/responsibility_02.html,4.248557997502393,4.062305474194333,16,36,3,1,1,3,1,1,0,2,48,3,1,1,1,1,-1,0,-1,-1,1,1,0
https://s.pstatic.net/static/www/rules/naverBrandRequest.doc,4.133496795710052,4.060416641661804,13,39,3,1,1,3,1,1,1,0,50,4,1,1,1,1,-1,0,-1,-1,1,1,0
https://help.naver.com/support/alias/search/site/site_report.naver,3.982710409065806,3.7787875981356125,14,44,3,1,1,3,1,1,0,0,54,5,1,1,1,1,-1,0,-1,-1,0,1,-1
http://www.robotstxt.org,3.4549868557726673,0.0,17,0,3,1,1,2,1,0,1,0,19,0,1,1,1,1,-1,1,-1,-1,1,1,0
https://www.cosmosfarm.com/products/kboard,3.9784108040822326,3.5,18,16,3,1,1,2,1,1,1,0,35,2,1,1,1,1,-1,1,-1,-1,0,1,-1
https://wordpress.org,3.5585186130489057,0.0,13,0,3,1,1,1,1,1,0,0,17,0,1,1,1,1,-1,1,-1,-1,0,1,-1
http://xpressengine.github.io/XEIcon,4.17619062614183,2.807354922057604,22,7,9,1,1,2,1,0,0,0,30,1,1,1,0,1,-1,1,-1,-1,1,1,-1
https://github.com/xpressengine/XEIcon,4.221097250057959,3.6464393446710153,10,20,3,1,1,1,1,1,0,0,32,2,1,1,1,1,-1,1,-1,-1,0,1,1
https://www.xpressengine.com/forum,4.1162996057016965,2.584962500721156,20,6,3,1,1,2,1,1,1,0,28,1,1,1,1,1,-1,1,-1,-1,1,1,1
https://www.xpressengine.com/qna,4.069548827786958,2.0,20,4,3,1,1,2,1,1,1,0,26,1,1,1,1,1,-1,1,-1,-1,0,1,1
https://www.xpressengine.com/download,4.134468568039292,2.725480556997868,20,9,3,1,1,2,1,1,1,0,31,1,1,1,1,1,-1,1,-1,-1,1,1,1
https://github.com/xpressengine/xe-core,4.077212078381127,3.3632869239960543,10,21,3,-1,1,1,1,1,0,0,32,2,1,1,1,1,-1,1,-1,-1,0,1,1
https://www.xehub.io,3.6841837197791887,0.0,12,0,2,1,1,2,1,1,1,0,15,0,1,1,0,1,-1,1,-1,-1,1,1,0
https://www.xpressengine.com,3.9407598325400897,0.0,20,0,3,1,1,2,1,1,1,0,23,0,1,1,1,1,-1,1,-1,-1,1,1,1
